<?xml version="1.0" encoding="UTF-8"?>
<!DOCTYPE beans PUBLIC ".//SPRING//DTD BEAN 2.0//EN" "http://www.springframework.org/dtd/spring-beans-2.0.dtd">

<beans>
<!-- 
<bean id="triangle" class="com.mindtree.Spring5.Triangle">	  
	<property name="points">
	<list>
		<ref bean="zeroPoint"/>
		<ref bean="point2"/>
		<ref bean="point3"/>
	</list>
	 </property>
</bean>


<bean id="zeroPoint" class="com.mindtree.Spring5.Point">
	<property name="x" value="0"> </property>
	<property name="y" value="0"> </property>
</bean>

<bean id="point2" class="com.mindtree.Spring5.Point">
	<property name="x" value="-40"> </property>
	<property name="y" value="0"> </property>
</bean>

<bean id="point3" class="com.mindtree.Spring5.Point">
	<property name="x" value="+40"> </property>
	<property name="y" value="0"> </property>
</bean>


 scope attribute.... singleton, prototype.

<bean id="square" class="com.mindtree.Spring5.Square" scope="prototype">	  
	
</bean>

<bean id="pointA" class="com.mindtree.Spring5.Point">
	<property name="x" value="0"> </property>
	<property name="y" value="0"> </property>
</bean>

<bean id="pointB" class="com.mindtree.Spring5.Point">
	<property name="x" value="-40"> </property>
	<property name="y" value="0"> </property>
</bean>

<bean id="pointC" class="com.mindtree.Spring5.Point">
	<property name="x" value="+40"> </property>
	<property name="y" value="0"> </property>
</bean>


 -->



<bean id="rectangle" class="com.mindtree.Spring5.Rectangle">	  
	
</bean>

<bean id="pointAA" class="com.mindtree.Spring5.Point">
	<property name="x" value="0"> </property>
	<property name="y" value="0"> </property>
</bean>

<bean id="pointBB" class="com.mindtree.Spring5.Point">
	<property name="x" value="-40"> </property>
	<property name="y" value="0"> </property>
</bean>

<bean id="pointCC" class="com.mindtree.Spring5.Point">
	<property name="x" value="+40"> </property>
	<property name="y" value="0"> </property>
</bean>










</beans>