<?xml version="1.0" encoding="UTF-8"?>
<!DOCTYPE beans PUBLIC ".//SPRING//DTD BEAN 2.0//EN" "http://www.springframework.org/dtd/spring-beans-2.0.dtd">

<beans>
<bean id="triangle" class="com.mindtree.Spring2.Triangle">
	<!-- <property name="type" value="isosceles"> </property> -->
	
	<!-- passing the values using constuctor arg
	 
	 
	 Constructor...with multiple parameters,,,,
	 -->
	 <constructor-arg value="Equilateral"> </constructor-arg>
	 	 <!-- specifying the type of the value passed to the arguments..
	 <constructor-arg type="java.lang.String" value="Equilateral"></constructor-arg>
	  -->
	  
	<constructor-arg value="20"> </constructor-arg>
	 <!-- <property name="height" value=45></property> -->
	 
	 
	 
	 
	 
	 
	 <!-- using index.. properties...   initializing the variable....
	
	 	<constructor-arg index="0" value="equilateral"> </constructor-arg>
	  <constructor-arg index="1" value="50"> </constructor-arg>
	  -->
	  
	  
	  
	  
</bean>

</beans>