<?xml version="1.0" encoding="UTF-8"?>
<beans:beans xmlns="http://www.springframework.org/schema/mvc"
	xmlns:xsi="http://www.w3.org/2001/XMLSchema-instance" 
	xmlns:beans="http://www.springframework.org/schema/beans"
	xmlns:context="http://www.springframework.org/schema/context" 
	xmlns:tx="http://www.springframework.org/schema/tx"
	xsi:schemaLocation="http://www.springframework.org/schema/beans     
        http://www.springframework.org/schema/beans/spring-beans-4.0.xsd
        http://www.springframework.org/schema/mvc 
        http://www.springframework.org/schema/mvc/spring-mvc-4.0.xsd
        http://www.springframework.org/schema/context 
        http://www.springframework.org/schema/context/spring-context-4.0.xsd
		http://www.springframework.org/schema/tx 
		http://www.springframework.org/schema/tx/spring-tx-4.0.xsd">
	
	<context:component-scan base-package="com.mindtree.meetex" />
	<annotation-driven></annotation-driven>
	<context:annotation-config />

 <!-- <beans:bean id="dataSource" class="org.apache.commons.dbcp.BasicDataSource" -->
	<!--<context:component-scan base-package="com.mindtree.meetex.itadmin.controller" />
	<context:component-scan base-package="com.mindtree.meetex.itadmin.addasset.dao" />
	<context:component-scan base-package="com.mindtree.meetex.itadmin.addasset.service" />
	<annotation-driven></annotation-driven>
	<context:annotation-config />-->




	<context:component-scan base-package="com.mindtree.meetex" />
	<context:component-scan base-package="com.mindtree.meetex.itadmin.controller" />
	<context:component-scan base-package="com.mindtree.meetex.itadmin.addasset.dao" />
	<context:component-scan base-package="com.mindtree.meetex.itadmin.addasset.service" />
	<annotation-driven></annotation-driven>
	<context:annotation-config />


	 <!-- <beans:bean id="dataSource" class="org.apache.commons.dbcp.BasicDataSource"
		destroy-method="close">
		<beans:property name="driverClassName" value="com.mysql.jdbc.Driver" />
		<beans:property name="url"
			value="jdbc:mysql://localhost:3306/sanctuary_qa_dev" />
		<beans:property name="username" value="root" />
		<beans:property name="password" value="Welcome123" />
	</beans:bean>
	 -->
	 <beans:bean id="dataSource" class="org.apache.commons.dbcp.BasicDataSource"
		destroy-method="close">
		<beans:property name="driverClassName" value="com.mysql.jdbc.Driver" />
		<beans:property name="url"
			value="jdbc:mysql://mongosql1.eastus2.cloudapp.azure.com:3306/sanctuary_qa_dev" />
		<beans:property name="username" value="sqluser9" />
		<beans:property name="password" value="Mind@1234$" /> 
	</beans:bean> 

 <beans:bean id="hibernate5AnnotatedSessionFactory"
		class="org.springframework.orm.hibernate5.LocalSessionFactoryBean">
		<beans:property name="dataSource" ref="dataSource" />
		<beans:property name="annotatedClasses">
			 <beans:list>
				<beans:value> com.mindtree.meetex.entity.UnitOfMeasure
				</beans:value>
				<beans:value>com.mindtree.meetex.entity.AssetType
				</beans:value>
				<beans:value>com.mindtree.meetex.entity.Role
				</beans:value>
				<beans:value>com.mindtree.meetex.entity.Booking
				</beans:value>
				<beans:value>com.mindtree.meetex.entity.BookingDetail
				</beans:value>
				<beans:value>com.mindtree.meetex.entity.AssetAmenity
				</beans:value>
				<beans:value>com.mindtree.meetex.entity.AmenityGroup
				</beans:value>
				<beans:value>com.mindtree.meetex.entity.Customer
				</beans:value>
				<beans:value>com.mindtree.meetex.entity.AmenityMasterData
				</beans:value>
				<beans:value>com.mindtree.meetex.entity.AssetMaster
				</beans:value>
				<beans:value>com.mindtree.meetex.entity.HotelMaster
				</beans:value>
				<beans:value>com.mindtree.meetex.entity.LocationMaster
				</beans:value>
				<beans:value>com.mindtree.meetex.entity.HotelAmenities
				</beans:value>
	</beans:list>

		</beans:property>
	
		<beans:property name="hibernateProperties">
			<beans:props>
				<beans:prop key="hibernate.dialect">org.hibernate.dialect.MySQLDialect
				</beans:prop>
				<beans:prop key="hibernate.show_sql">true</beans:prop>
				<beans:prop key="hibernate.hbm2ddl.auto">update</beans:prop>
				
			</beans:props> 
			
		</beans:property>
		
	</beans:bean>


	 <!--IT Admin Service Beans -->
	<beans:bean id="addAssetDao"
		class="com.mindtree.meetex.itadmin.addasset.dao.daoimpl.AddAssetDaoImpl">
		<beans:property name="sessionFactory"
			ref="hibernate5AnnotatedSessionFactory" />
	</beans:bean>
	
	<beans:bean id="addAssetService"
		class="com.mindtree.meetex.itadmin.addasset.service.serviceimpl.AddAssetServiceImpl">
		<beans:property name="addAssetDao" ref="addAssetDao"></beans:property>
	</beans:bean>
	
	<beans:bean id="locationDao"
		class="com.mindtree.meetex.itadmin.addasset.dao.daoimpl.LocationDaoImpl">
		<beans:property name="sessionFactory"
			ref="hibernate5AnnotatedSessionFactory" />
	</beans:bean>
	
	<beans:bean id="locationService"
		class="com.mindtree.meetex.itadmin.addasset.service.serviceimpl.LocationServiceImpl">
		<beans:property name="locationDao" ref="locationDao"></beans:property>
	</beans:bean>
	
	<beans:bean id="hotelDao"
		class="com.mindtree.meetex.itadmin.addasset.dao.daoimpl.HotelDaoImpl">
		<beans:property name="sessionFactory"
			ref="hibernate5AnnotatedSessionFactory" />
	</beans:bean>
	
	<beans:bean id="hotelService"
		class="com.mindtree.meetex.itadmin.addasset.service.serviceimpl.HotelServiceImpl">
		<!--  <beans:property name="hotelDao" ref="hotelDao"></beans:property> -->
	</beans:bean>
	
	<beans:bean id="hotelAmenitiesDao"
		class="com.mindtree.meetex.itadmin.addasset.dao.daoimpl.HotelAmenitiesDaoImpl">
		<beans:property name="sessionFactory"
			ref="hibernate5AnnotatedSessionFactory" />
	</beans:bean>
	
	<beans:bean id="hotelAmenitiesService"
		class="com.mindtree.meetex.itadmin.addasset.service.serviceimpl.HotelAmenitiesServiceImpl">
		<!--  <beans:property name="hotelDao" ref="hotelDao"></beans:property> -->
	</beans:bean>

<!--	Cart Service Beans
	<beans:bean id="cartDAO"
		class="com.mindtree.orchard.kmart.dao.daoImpl.CartDAOImpl">
		<beans:property name="sessionFactory"
			ref="hibernate5AnnotatedSessionFactory" />
	</beans:bean>

	<beans:bean id="cartService"
		class="com.mindtree.orchard.kmart.service.serviceImpl.CartServiceImpl">
		<beans:property name="cartDAO" ref="cartDAO"></beans:property>
	</beans:bean> -->
	
	
<!-- 	User Service Beans-->
 	<beans:bean id="customerLogInDao"
		class="com.mindtree.meetex.customer.login.dao.daoimpl.CustomerLogInDaoImpl">
		<beans:property name="sessionFactory"
			ref="hibernate5AnnotatedSessionFactory" />
	</beans:bean>

	<beans:bean id="customerLoginService"
		class="com.mindtree.meetex.customer.login.service.serviceimpl.CustomerLoginServiceImpl">
		<beans:property name="customerLogInDao" ref="customerLogInDao"></beans:property>
	</beans:bean>

	<tx:annotation-driven transaction-manager="transactionManager" />

	<beans:bean id="transactionManager"
		class="org.springframework.orm.hibernate5.HibernateTransactionManager">
		<beans:property name="sessionFactory"
			ref="hibernate5AnnotatedSessionFactory" />
	</beans:bean>


 </beans:beans>
