<?xml version="1.0" encoding="UTF-8"?>
<!DOCTYPE beans PUBLIC ".//SPRING//DTD BEAN 2.0//EN" "http://www.springframework.org/dtd/spring-beans-2.0.dtd">

<beans>


<bean id="parentTriangle" class="com.mindtree.Spring6.Triangle" abstract="true">
	<property name="points">
	<list>
	<ref bean="pointA"></ref>
	</list>
	</property>
</bean>




<!-- merging... to the Class using merge property -->
<bean id="triangle1" class="com.mindtree.Spring6.Triangle" parent="parentTriangle">	  
	<property name="points">
	<list merge="true">
	<ref bean="pointB"></ref>
	</list>
	</property>
</bean>


<bean id="triangle2" class="com.mindtree.Spring6.Triangle" parent="parentTriangle">	  
	<property name="pointB" ref="pointB"> </property>
</bean>



<bean id="pointA" class="com.mindtree.Spring6.Point">
	<property name="x" value="0"> </property>
	<property name="y" value="0"> </property>
</bean>

<bean id="pointB" class="com.mindtree.Spring6.Point">
	<property name="x" value="-20"> </property>
	<property name="y" value="0"> </property>
</bean>

<bean id="pointC" class="com.mindtree.Spring6.Point">
	<property name="x" value="+20"> </property>
	<property name="y" value="0"> </property>
</bean>
</beans>