<?xml version="1.0" encoding="UTF-8"?>
<beans xmlns="http://www.springframework.org/schema/beans"
	xmlns:context="http://www.springframework.org/schema/context"
	xmlns:mvc="http://www.springframework.org/schema/mvc" xmlns:p="http://www.springframework.org/schema/p"
	xmlns:xsi="http://www.w3.org/2001/XMLSchema-instance"
	xsi:schemaLocation="http://www.springframework.org/schema/mvc http://www.springframework.org/schema/mvc/spring-mvc-4.0.xsd
http://www.springframework.org/schema/beans
http://www.springframework.org/schema/beans/spring-beans-4.0.xsd
http://www.springframework.org/schema/context
http://www.springframework.org/schema/context/spring-context-4.0.xsd">

        
       <context:component-scan base-package="com.mindtree.dev.controller"></context:component-scan>

		<bean id="tilesConfigurer"
  				class="org.springframework.web.servlet.view.tiles3.TilesConfigurer">
  		<property name="definitions">
    		<list>
      				<value>defs/page.xml</value>
    		</list>
  		</property>
		</bean>

		<bean id="viewResolver"
  			class="org.springframework.web.servlet.view.UrlBasedViewResolver">
  			<property name="viewClass"
    		value="org.springframework.web.servlet.view.tiles3.TilesView" />
		</bean>
</beans>