<?xml version="1.0" encoding="UTF-8"?>
<!DOCTYPE beans PUBLIC ".//SPRING//DTD BEAN 2.0//EN" "http://www.springframework.org/dtd/spring-beans-2.0.dtd">

<beans>
<bean id="triangle" class="com.mindtree.Spring3.Triangle">	  
	<property name="pointA" ref="zeroPoint"> </property>
	<property name="pointB" ref="point2"> </property>
	<property name="pointC" ref="point3"> </property>
</bean>


<bean id="zeroPoint" class="com.mindtree.Spring3.Point">
	<property name="x" value="0"> </property>
	<property name="y" value="0"> </property>
</bean>

<bean id="point2" class="com.mindtree.Spring3.Point">
	<property name="x" value="-20"> </property>
	<property name="y" value="0"> </property>
</bean>

<bean id="point3" class="com.mindtree.Spring3.Point">
	<property name="x" value="+20"> </property>
	<property name="y" value="0"> </property>
</bean>
</beans>