<?xml version="1.0" encoding="UTF-8"?>
<beans xmlns="http://www.springframework.org/schema/beans"
	xmlns:xsi="http://www.w3.org/2001/XMLSchema-instance"
	xmlns:mvc="http://www.springframework.org/schema/mvc"
	xmlns:context="http://www.springframework.org/schema/context"
	xmlns:tx="http://www.springframework.org/schema/tx"
	xsi:schemaLocation="http://www.springframework.org/schema/beans     
        http://www.springframework.org/schema/beans/spring-beans-4.0.xsd
        http://www.springframework.org/schema/mvc 
        http://www.springframework.org/schema/mvc/spring-mvc-4.0.xsd
        http://www.springframework.org/schema/context 
        http://www.springframework.org/schema/context/spring-context-4.0.xsd
		http://www.springframework.org/schema/tx 
		http://www.springframework.org/schema/tx/spring-tx-4.0.xsd">
		
		
		
		<context:component-scan base-package="com.mindtree.Kmart.controller" />
		<context:component-scan base-package="com.mindtree.Kmart.dao.daoimpl" />
	<context:component-scan base-package="com.mindtree.Kmart.service.serviceimpl" />
	<!--  <context:component-scan base-package="com.mindtree.Kmart.dao.daoimpl" />
	<context:component-scan base-package="com.mindtree.Kmart.service.serviceimpl" /> -->
		

	<context:annotation-config />
	
	<bean id="dataSource" class="org.apache.commons.dbcp.BasicDataSource"
		destroy-method="close">
		<property name="driverClassName" value="com.mysql.jdbc.Driver" />
		<!-- <property name="url"
			value="jdbc:mysql://mongosql1.eastus2.cloudapp.azure.com/sanctuary_qa_dev" /> 
			<property name="username" value="sqluser9" />
		<property name="password" value="Mind@1234$" />-->
			
			<property name="url" value="jdbc:mysql://localhost:3306/kmart"></property>
		<property name="username" value="root" />
		<property name="password" value="Welcome123" />
	</bean>
 
 <bean id="hibernate5AnnotatedSessionFactory"
		class="org.springframework.orm.hibernate5.LocalSessionFactoryBean">
		<property name="dataSource" ref="dataSource" />
		<property name="annotatedClasses">
			 <list>
				<value>com.mindtree.Kmart.entity.Product</value>
				<!-- <value> com.mindtree.Kmart.entity.User</value>
				<value> com.mindtree.Kmart.entity.Cart</value>	 -->		 
			 </list>
			 
		</property>
	
		
			<property name="hibernateProperties">
			<props>
				<prop key="hibernate.dialect">org.hibernate.dialect.MySQLDialect
				</prop>
				<prop key="hibernate.show_sql">true</prop>
				<prop key="hibernate.hbm2ddl.auto">update</prop>
			</props>
		</property>
		
</bean>
	
	 <bean id="productDaoImpl" class="com.mindtree.Kmart.dao.daoimpl.ProductDaoImpl">
		<property name="sessionFactory"
			ref="hibernate5AnnotatedSessionFactory" />
	</bean>

	<bean id="productServiceImpl" class="com.mindtree.Kmart.service.serviceimpl.ProductServiceImpl">
		<property name="productDaoImpl" ref="productDaoImpl"></property>
	</bean>


	<tx:annotation-driven transaction-manager="transactionManager" />

	<bean id="transactionManager"
		class="org.springframework.orm.hibernate5.HibernateTransactionManager">
		<property name="sessionFactory"
			ref="hibernate5AnnotatedSessionFactory" />
	</bean>


 </beans>
 